225664516,Kendall,Dietrich,graig.herman@hotmail.com,25D55AD283AA400AF464C76D713C07AD,1,227
299674095,Perry,Rolfson,caitlyn.wuckert@yahoo.com,25D55AD283AA400AF464C76D713C07AD,1,271
344876411,Bettina,Leannon,erwin.wolf@hotmail.com,25D55AD283AA400AF464C76D713C07AD,1,41
327914041,Diedra,Lehner,francisco.collier@yahoo.com,25D55AD283AA400AF464C76D713C07AD,1,59
982335181,Bernardine,Macejkovic,antoinette.fay@hotmail.com,25D55AD283AA400AF464C76D713C07AD,1,183
342159840,Dean,Pfeffer,nestor.considine@yahoo.com,25D55AD283AA400AF464C76D713C07AD,1,128
315749066,Lea,Johnson,modesto.jerde@hotmail.com,25D55AD283AA400AF464C76D713C07AD,1,108
294375188,Lucius,Schowalter,angelina.wintheiser@yahoo.com,25D55AD283AA400AF464C76D713C07AD,1,157
783851848,Charlott,Beatty,georgeann.hamill@gmail.com,25D55AD283AA400AF464C76D713C07AD,1,155
356202835,Earnest,Bauch,edwina.klocko@gmail.com,25D55AD283AA400AF464C76D713C07AD,1,293
197801903,Lovie,D'Amore,jonathan.schmitt@yahoo.com,25D55AD283AA400AF464C76D713C07AD,1,139
316901236,Marybelle,Stamm,sandy.klocko@hotmail.com,25D55AD283AA400AF464C76D713C07AD,1,113
935620066,Joseph,Okuneva,chia.jerde@yahoo.com,25D55AD283AA400AF464C76D713C07AD,1,216
819844201,Filomena,Monahan,maisie.gorczany@hotmail.com,25D55AD283AA400AF464C76D713C07AD,1,164
115840144,Dorian,Adams,stewart.beier@hotmail.com,25D55AD283AA400AF464C76D713C07AD,1,300
755387175,Cleo,Hauck,christi.schroeder@hotmail.com,25D55AD283AA400AF464C76D713C07AD,1,36
835493938,Allie,Johns,hwa.quigley@yahoo.com,25D55AD283AA400AF464C76D713C07AD,1,95
865350224,Un,Erdman,joe.nader@gmail.com,25D55AD283AA400AF464C76D713C07AD,1,42
632851510,Jaimee,Larson,judson.herzog@yahoo.com,25D55AD283AA400AF464C76D713C07AD,1,256
592928146,Buffy,Cremin,sun.reilly@yahoo.com,25D55AD283AA400AF464C76D713C07AD,1,111
385562419,Kurtis,Senger,rachell.graham@gmail.com,25D55AD283AA400AF464C76D713C07AD,1,100
430569443,Dorian,Block,reatha.padberg@hotmail.com,25D55AD283AA400AF464C76D713C07AD,1,274
609183257,Elane,Schowalter,jessia.beier@yahoo.com,25D55AD283AA400AF464C76D713C07AD,1,165
829978869,Micah,Marquardt,barney.schmitt@yahoo.com,25D55AD283AA400AF464C76D713C07AD,1,167
329431220,Joann,Morar,toni.predovic@hotmail.com,25D55AD283AA400AF464C76D713C07AD,1,16
785435286,John,Monahan,latonya.mcclure@hotmail.com,25D55AD283AA400AF464C76D713C07AD,1,153
743036668,Jolanda,Daniel,maragaret.beatty@yahoo.com,25D55AD283AA400AF464C76D713C07AD,1,236
482062315,Gerry,Kautzer,hester.effertz@hotmail.com,25D55AD283AA400AF464C76D713C07AD,1,183
574907149,Demetra,Hagenes,elanor.hessel@hotmail.com,25D55AD283AA400AF464C76D713C07AD,1,295
479323283,Page,VonRueden,amie.rippin@gmail.com,25D55AD283AA400AF464C76D713C07AD,1,215
965469114,Gaston,Lebsack,julie.kuhn@yahoo.com,25D55AD283AA400AF464C76D713C07AD,1,12
341494582,Garret,Wiza,rogelio.kihn@yahoo.com,25D55AD283AA400AF464C76D713C07AD,1,148
465282324,Cleveland,Carroll,lizzette.lynch@gmail.com,25D55AD283AA400AF464C76D713C07AD,1,256
234439454,Rick,Hyatt,ciara.hilll@yahoo.com,25D55AD283AA400AF464C76D713C07AD,1,19
300686432,Marcos,Mayer,gayle.smith@yahoo.com,25D55AD283AA400AF464C76D713C07AD,1,61
649714362,Freeda,Heller,marcia.towne@hotmail.com,25D55AD283AA400AF464C76D713C07AD,1,241
669795408,Theron,Lind,stuart.oreilly@hotmail.com,25D55AD283AA400AF464C76D713C07AD,1,134
109525055,Brain,Wilkinson,cornell.reinger@hotmail.com,25D55AD283AA400AF464C76D713C07AD,1,35
252609916,Chandra,Johnson,khalilah.padberg@gmail.com,25D55AD283AA400AF464C76D713C07AD,1,34
707986632,Kareen,Lockman,sid.aufderhar@gmail.com,25D55AD283AA400AF464C76D713C07AD,1,208
120665197,Ike,Quitzon,lena.shanahan@gmail.com,25D55AD283AA400AF464C76D713C07AD,1,261
268761760,Lulu,Murazik,diego.ziemann@hotmail.com,25D55AD283AA400AF464C76D713C07AD,1,267
683885238,Mallory,Roob,jonie.klein@hotmail.com,25D55AD283AA400AF464C76D713C07AD,1,96
689183645,Tiesha,Lang,jack.bartoletti@gmail.com,25D55AD283AA400AF464C76D713C07AD,1,141
580462577,Sidney,Kilback,rodger.lueilwitz@yahoo.com,25D55AD283AA400AF464C76D713C07AD,1,150
839831988,Danelle,Reinger,tesha.moen@hotmail.com,25D55AD283AA400AF464C76D713C07AD,1,273
766012830,Julianne,Heathcote,toby.berge@yahoo.com,25D55AD283AA400AF464C76D713C07AD,1,43
790561324,Mickie,Jacobson,tanisha.reichert@yahoo.com,25D55AD283AA400AF464C76D713C07AD,1,207
792487982,Stefan,Jenkins,dinah.cassin@gmail.com,25D55AD283AA400AF464C76D713C07AD,1,80
231605019,Miguel,Balistreri,lesa.mitchell@hotmail.com,25D55AD283AA400AF464C76D713C07AD,1,91
518286278,Karleen,Mueller,tod.shields@gmail.com,25D55AD283AA400AF464C76D713C07AD,1,275
412056089,Quinton,Haley,myrtis.bashirian@gmail.com,25D55AD283AA400AF464C76D713C07AD,1,113
226043513,Albert,Schoen,fred.wolff@hotmail.com,25D55AD283AA400AF464C76D713C07AD,1,287
946314563,Tran,Turcotte,ernest.walter@gmail.com,25D55AD283AA400AF464C76D713C07AD,1,186
823934481,Jose,Mertz,elda.murphy@hotmail.com,25D55AD283AA400AF464C76D713C07AD,1,277
875803398,Santiago,Hagenes,gonzalo.hackett@gmail.com,25D55AD283AA400AF464C76D713C07AD,1,116
201666970,Domenic,Ruecker,heidi.walker@yahoo.com,25D55AD283AA400AF464C76D713C07AD,1,23
556307025,Joel,Doyle,tommie.hagenes@gmail.com,25D55AD283AA400AF464C76D713C07AD,1,114
131134027,Flor,Bosco,salvador.goyette@hotmail.com,25D55AD283AA400AF464C76D713C07AD,1,250
631247380,Lanie,Rutherford,zachariah.fay@gmail.com,25D55AD283AA400AF464C76D713C07AD,1,10
226799236,Glennis,Corwin,melvina.bruen@gmail.com,25D55AD283AA400AF464C76D713C07AD,1,54
552433472,Wilber,Smitham,chelsey.spencer@gmail.com,25D55AD283AA400AF464C76D713C07AD,1,170
965837818,Winter,Deckow,bonny.gulgowski@yahoo.com,25D55AD283AA400AF464C76D713C07AD,1,105
319816610,Sherley,Kiehn,shonta.schowalter@hotmail.com,25D55AD283AA400AF464C76D713C07AD,1,254
217752391,Daren,Kautzer,columbus.barton@gmail.com,25D55AD283AA400AF464C76D713C07AD,1,3
621711944,Albert,Schimmel,lela.mohr@gmail.com,25D55AD283AA400AF464C76D713C07AD,1,26
480763253,Stephanie,Haag,clarence.keebler@gmail.com,25D55AD283AA400AF464C76D713C07AD,1,193
812644952,Debrah,Wuckert,tai.feil@gmail.com,25D55AD283AA400AF464C76D713C07AD,1,220
625466435,Justin,Leuschke,leatha.hauck@gmail.com,25D55AD283AA400AF464C76D713C07AD,1,278
967268994,Toby,Gorczany,donnell.buckridge@hotmail.com,25D55AD283AA400AF464C76D713C07AD,1,288
464873012,Coy,Glover,janean.rempel@gmail.com,25D55AD283AA400AF464C76D713C07AD,1,113
636889194,Nestor,Cole,bernardina.baumbach@hotmail.com,25D55AD283AA400AF464C76D713C07AD,1,71
537909919,Tyree,Prohaska,annice.ruecker@gmail.com,25D55AD283AA400AF464C76D713C07AD,1,182
501851850,Len,Mann,randall.streich@yahoo.com,25D55AD283AA400AF464C76D713C07AD,1,221
220863847,Rafael,Boyer,lou.rau@yahoo.com,25D55AD283AA400AF464C76D713C07AD,1,235
918648087,Ashlyn,Davis,tesha.goyette@yahoo.com,25D55AD283AA400AF464C76D713C07AD,1,256
266550267,Henry,Goodwin,lindsy.rath@yahoo.com,25D55AD283AA400AF464C76D713C07AD,1,163
672166373,Marina,Willms,lincoln.herzog@hotmail.com,25D55AD283AA400AF464C76D713C07AD,1,205
431179979,Margarito,Schultz,jeffrey.goyette@yahoo.com,25D55AD283AA400AF464C76D713C07AD,1,36
924954737,Asuncion,Dickens,luke.leannon@hotmail.com,25D55AD283AA400AF464C76D713C07AD,1,86
101477218,Shane,Stark,rolf.wintheiser@hotmail.com,25D55AD283AA400AF464C76D713C07AD,1,129
218084581,Neva,Pfeffer,lazaro.paucek@yahoo.com,25D55AD283AA400AF464C76D713C07AD,1,13
719383994,Danial,Wuckert,charmaine.bartoletti@yahoo.com,25D55AD283AA400AF464C76D713C07AD,1,54
716290145,Rachele,Fisher,jessie.becker@yahoo.com,25D55AD283AA400AF464C76D713C07AD,1,199
699350660,Mickie,Von,clint.feest@gmail.com,25D55AD283AA400AF464C76D713C07AD,1,22
890678219,Clinton,Toy,dahlia.aufderhar@gmail.com,25D55AD283AA400AF464C76D713C07AD,1,241
407750529,Lazaro,White,ezequiel.rowe@hotmail.com,25D55AD283AA400AF464C76D713C07AD,1,249
505244907,Shavonda,Buckridge,marcelo.torp@gmail.com,25D55AD283AA400AF464C76D713C07AD,1,42
660870434,Isidro,Conroy,jacques.ullrich@hotmail.com,25D55AD283AA400AF464C76D713C07AD,1,226
487196524,Criselda,Jones,moshe.hegmann@yahoo.com,25D55AD283AA400AF464C76D713C07AD,1,33
639744760,Christy,Donnelly,stuart.brekke@gmail.com,25D55AD283AA400AF464C76D713C07AD,1,143
631523247,Ellena,Greenholt,elmira.rodriguez@yahoo.com,25D55AD283AA400AF464C76D713C07AD,1,161
559114698,Dick,Erdman,milton.kohler@yahoo.com,25D55AD283AA400AF464C76D713C07AD,1,257
386031767,Luis,Schiller,adrianna.buckridge@yahoo.com,25D55AD283AA400AF464C76D713C07AD,1,186
570289741,Sau,VonRueden,werner.hayes@yahoo.com,25D55AD283AA400AF464C76D713C07AD,1,287
624721330,Lucinda,Gutmann,candelaria.kerluke@hotmail.com,25D55AD283AA400AF464C76D713C07AD,1,91
591688645,Ervin,Kuhic,marisa.bode@yahoo.com,25D55AD283AA400AF464C76D713C07AD,1,68
723485301,Fabiola,Treutel,zackary.pagac@hotmail.com,25D55AD283AA400AF464C76D713C07AD,1,248
764193313,Marnie,Kohler,bobbye.spinka@gmail.com,25D55AD283AA400AF464C76D713C07AD,1,138
354138204,Rickey,Lockman,emely.vandervort@yahoo.com,25D55AD283AA400AF464C76D713C07AD,1,172